Algorithm,Threads,TotalColors,ExecutionTime,CPUTime,MeanColor,ColorVariance
Parallel,1,89,0.0060904,0.058568,7.4818,127.273
Parallel,2,90,0.00236502,0.064965,7.5437,126.998
Parallel,4,85,0.0016772,0.059623,7.40901,117.15
Parallel,8,87,0.00162663,0.06013,7.59965,126.824
Parallel,10,90,0.00183239,0.058511,7.74276,135.95
Parallel,12,92,0.00198434,0.061736,7.88586,131.127
Parallel,16,87,0.0021308,0.06188,7.6051,126.279
